balance,block_time,dao_address,uni_vote_count,voter_address
0.15120000000000006,2023-09-28 04:38:11.000 UTC,0x408ed6354d4973f66138c91495f2f2fcbd8724c3,4,0x00efd31f9c3be9f64146fe930b7a302e02905f8c
1.105499927312395,2022-02-25 01:29:17.000 UTC,0x408ed6354d4973f66138c91495f2f2fcbd8724c3,2,0x014078bd10840e98febe50a372f32dfd4f160e84
0.2028604749514,2022-12-05 13:48:23.000 UTC,0x408ed6354d4973f66138c91495f2f2fcbd8724c3,2,0x0318d38dcb790e4014935d708874833560bb0d40
1.037165887585227,2022-09-20 08:57:23.000 UTC,0x408ed6354d4973f66138c91495f2f2fcbd8724c3,1,0x0a58be2f2b8762e5c53057b62e43701c8d5adee0
0.17049671176837758,2023-08-20 22:56:35.000 UTC,0x408ed6354d4973f66138c91495f2f2fcbd8724c3,1,0x14d607c20ff934b0d895577c6e80ab0cd6a8b322
3.1704967117683776,2023-02-14 06:52:23.000 UTC,0x408ed6354d4973f66138c91495f2f2fcbd8724c3,1,0x14d607c20ff934b0d895577c6e80ab0cd6a8b322
0.34476591947813906,2023-01-21 09:04:47.000 UTC,0x408ed6354d4973f66138c91495f2f2fcbd8724c3,1,0x14d607c20ff934b0d895577c6e80ab0cd6a8b322
0.19051250163671146,2022-12-21 07:36:35.000 UTC,0x408ed6354d4973f66138c91495f2f2fcbd8724c3,1,0x14d607c20ff934b0d895577c6e80ab0cd6a8b322
0.0056589732163164,2022-09-17 07:08:35.000 UTC,0x408ed6354d4973f66138c91495f2f2fcbd8724c3,1,0x14d607c20ff934b0d895577c6e80ab0cd6a8b322
3.9856589732163163,2022-09-17 07:03:59.000 UTC,0x408ed6354d4973f66138c91495f2f2fcbd8724c3,1,0x14d607c20ff934b0d895577c6e80ab0cd6a8b322
0.10199998923379065,2022-11-30 08:17:59.000 UTC,0x408ed6354d4973f66138c91495f2f2fcbd8724c3,2,0x17710b9e26a497849072d2234d4ff21399b580f1
0.0,2024-12-28 08:13:59.000 UTC,0x408ed6354d4973f66138c91495f2f2fcbd8724c3,3,0x17745bfca17b8b89b8665e545c7aa085e932d2ac
1.0557907081927618,2022-07-14 09:22:56.000 UTC,0x408ed6354d4973f66138c91495f2f2fcbd8724c3,3,0x17745bfca17b8b89b8665e545c7aa085e932d2ac
0.0,2020-09-27 09:46:20.000 UTC,0x408ed6354d4973f66138c91495f2f2fcbd8724c3,3,0x17745bfca17b8b89b8665e545c7aa085e932d2ac
18.386885844684,2020-09-26 12:22:33.000 UTC,0x408ed6354d4973f66138c91495f2f2fcbd8724c3,3,0x17745bfca17b8b89b8665e545c7aa085e932d2ac
,,0x408ed6354d4973f66138c91495f2f2fcbd8724c3,1,0x1ad62c7dc2370ea67f899328420605b77289f6c4
0.0,2024-06-27 01:31:23.000 UTC,0x408ed6354d4973f66138c91495f2f2fcbd8724c3,1,0x1b3efcd48aa4c56a78b082d64e4c1992b56c8146
1.0,2022-04-28 10:23:02.000 UTC,0x408ed6354d4973f66138c91495f2f2fcbd8724c3,1,0x1b3efcd48aa4c56a78b082d64e4c1992b56c8146
0.0,2021-02-19 05:18:47.000 UTC,0x408ed6354d4973f66138c91495f2f2fcbd8724c3,1,0x1b3efcd48aa4c56a78b082d64e4c1992b56c8146
500.0,2020-12-07 07:20:30.000 UTC,0x408ed6354d4973f66138c91495f2f2fcbd8724c3,1,0x1b3efcd48aa4c56a78b082d64e4c1992b56c8146
5002.77507,2020-11-27 08:57:06.000 UTC,0x408ed6354d4973f66138c91495f2f2fcbd8724c3,1,0x1b3efcd48aa4c56a78b082d64e4c1992b56c8146
4000.00007,2020-11-19 02:01:38.000 UTC,0x408ed6354d4973f66138c91495f2f2fcbd8724c3,1,0x1b3efcd48aa4c56a78b082d64e4c1992b56c8146
5580.121270000001,2020-11-10 09:16:43.000 UTC,0x408ed6354d4973f66138c91495f2f2fcbd8724c3,1,0x1b3efcd48aa4c56a78b082d64e4c1992b56c8146
7970.12127,2020-11-03 08:15:31.000 UTC,0x408ed6354d4973f66138c91495f2f2fcbd8724c3,1,0x1b3efcd48aa4c56a78b082d64e4c1992b56c8146
7373.35933,2020-11-03 08:00:58.000 UTC,0x408ed6354d4973f66138c91495f2f2fcbd8724c3,1,0x1b3efcd48aa4c56a78b082d64e4c1992b56c8146
0.0,2020-09-17 02:54:14.000 UTC,0x408ed6354d4973f66138c91495f2f2fcbd8724c3,1,0x1b3efcd48aa4c56a78b082d64e4c1992b56c8146
400.0,2020-09-17 02:21:54.000 UTC,0x408ed6354d4973f66138c91495f2f2fcbd8724c3,1,0x1b3efcd48aa4c56a78b082d64e4c1992b56c8146
1.3,2022-09-14 11:28:05.000 UTC,0x408ed6354d4973f66138c91495f2f2fcbd8724c3,1,0x1ccff7b4d1636ca29aa0ab6c0ebadad3dbc90524
1.0,2022-02-28 08:33:56.000 UTC,0x408ed6354d4973f66138c91495f2f2fcbd8724c3,4,0x1d2f34cd3f7adf2c8ba7c3ebb7f070837d441030
1.1,2022-02-23 12:47:42.000 UTC,0x408ed6354d4973f66138c91495f2f2fcbd8724c3,3,0x1d33180a03869a7f6126022d31f71fa640ebd020
14.0,2022-04-30 04:40:40.000 UTC,0x408ed6354d4973f66138c91495f2f2fcbd8724c3,2,0x1ea573d67551947be7cae8b8a39bec5213287bbf
15.01,2022-04-30 04:36:23.000 UTC,0x408ed6354d4973f66138c91495f2f2fcbd8724c3,2,0x1ea573d67551947be7cae8b8a39bec5213287bbf
16.02,2022-04-30 04:32:55.000 UTC,0x408ed6354d4973f66138c91495f2f2fcbd8724c3,2,0x1ea573d67551947be7cae8b8a39bec5213287bbf
17.03,2022-04-30 04:30:52.000 UTC,0x408ed6354d4973f66138c91495f2f2fcbd8724c3,2,0x1ea573d67551947be7cae8b8a39bec5213287bbf
18.04,2022-04-30 04:27:20.000 UTC,0x408ed6354d4973f66138c91495f2f2fcbd8724c3,2,0x1ea573d67551947be7cae8b8a39bec5213287bbf
19.05,2022-04-30 03:11:18.000 UTC,0x408ed6354d4973f66138c91495f2f2fcbd8724c3,2,0x1ea573d67551947be7cae8b8a39bec5213287bbf
20.06,2022-04-30 02:27:17.000 UTC,0x408ed6354d4973f66138c91495f2f2fcbd8724c3,2,0x1ea573d67551947be7cae8b8a39bec5213287bbf
1.0,2022-03-20 08:09:57.000 UTC,0x408ed6354d4973f66138c91495f2f2fcbd8724c3,4,0x20fc6ae9b99603cb01f2d50f8c5904fdd0ce1b44
2.0,2022-02-21 13:26:53.000 UTC,0x408ed6354d4973f66138c91495f2f2fcbd8724c3,7,0x2117eb88300a5afa11ee55e3c4f2ff0157718bd1
,,0x408ed6354d4973f66138c91495f2f2fcbd8724c3,30,0x212baf65228fe03674da0efb88cac7eadb276db5
6.109306914270304,2023-01-26 10:18:35.000 UTC,0x408ed6354d4973f66138c91495f2f2fcbd8724c3,2,0x22a93539e28418b7e481d6ad3b288570e349270c
4.41880316738487,2023-01-26 10:17:35.000 UTC,0x408ed6354d4973f66138c91495f2f2fcbd8724c3,2,0x22a93539e28418b7e481d6ad3b288570e349270c
2.7320647891884975,2022-11-30 00:31:23.000 UTC,0x408ed6354d4973f66138c91495f2f2fcbd8724c3,2,0x22a93539e28418b7e481d6ad3b288570e349270c
0.0,2024-11-17 21:02:59.000 UTC,0x408ed6354d4973f66138c91495f2f2fcbd8724c3,6,0x2385202c54197c5a5d007c55311c050adf9a9dc8
0.9042953699624433,2022-09-26 00:52:23.000 UTC,0x408ed6354d4973f66138c91495f2f2fcbd8724c3,6,0x2385202c54197c5a5d007c55311c050adf9a9dc8
251.60942298482763,2022-09-26 00:49:35.000 UTC,0x408ed6354d4973f66138c91495f2f2fcbd8724c3,6,0x2385202c54197c5a5d007c55311c050adf9a9dc8
1.04,2022-06-09 21:00:27.000 UTC,0x408ed6354d4973f66138c91495f2f2fcbd8724c3,6,0x2385202c54197c5a5d007c55311c050adf9a9dc8
1.0,2022-12-02 03:51:35.000 UTC,0x408ed6354d4973f66138c91495f2f2fcbd8724c3,1,0x245f36c27de0d8f371b303cca1239b797802a25e
1.5,2022-10-07 16:23:23.000 UTC,0x408ed6354d4973f66138c91495f2f2fcbd8724c3,6,0x248491b66a24278ada2cf69dde1d6fd4fe4e21b2
0.3,2022-06-04 07:17:31.000 UTC,0x408ed6354d4973f66138c91495f2f2fcbd8724c3,1,0x27ab8efb6d96abc80fd3511a342148c6237d44aa
0.0,2024-06-04 05:31:47.000 UTC,0x408ed6354d4973f66138c91495f2f2fcbd8724c3,2,0x284d8dc5c376d861751c61c34c8c4a457c503696
2.579141019169704,2023-09-08 01:39:59.000 UTC,0x408ed6354d4973f66138c91495f2f2fcbd8724c3,2,0x284d8dc5c376d861751c61c34c8c4a457c503696
0.0,2024-06-23 09:39:11.000 UTC,0x408ed6354d4973f66138c91495f2f2fcbd8724c3,2,0x28bf51f47e903925c00a03264c7e7a0576785600
4.409198938821889,2022-11-30 10:51:11.000 UTC,0x408ed6354d4973f66138c91495f2f2fcbd8724c3,2,0x28bf51f47e903925c00a03264c7e7a0576785600
0.0,2020-12-25 05:26:15.000 UTC,0x408ed6354d4973f66138c91495f2f2fcbd8724c3,2,0x28bf51f47e903925c00a03264c7e7a0576785600
74.97163660589136,2020-12-25 03:32:30.000 UTC,0x408ed6354d4973f66138c91495f2f2fcbd8724c3,2,0x28bf51f47e903925c00a03264c7e7a0576785600
39.94001155531776,2020-12-25 02:40:05.000 UTC,0x408ed6354d4973f66138c91495f2f2fcbd8724c3,2,0x28bf51f47e903925c00a03264c7e7a0576785600
0.4974037037958493,2020-09-24 05:53:20.000 UTC,0x408ed6354d4973f66138c91495f2f2fcbd8724c3,2,0x28bf51f47e903925c00a03264c7e7a0576785600
2.0,2022-02-26 04:42:22.000 UTC,0x408ed6354d4973f66138c91495f2f2fcbd8724c3,4,0x2903452ad7e921ce9a33e91913beb260120bae30
1.6,2022-05-22 14:01:46.000 UTC,0x408ed6354d4973f66138c91495f2f2fcbd8724c3,12,0x2b33218903b6e6c530ad60f3d0b956d23667fb24
1.0,2022-11-16 03:34:59.000 UTC,0x408ed6354d4973f66138c91495f2f2fcbd8724c3,1,0x2c48fe463967d4654006b1918f440ad61a9e3390
2.0,2022-06-12 08:27:44.000 UTC,0x408ed6354d4973f66138c91495f2f2fcbd8724c3,1,0x2c9bdd583e515eb958cb60ffe663b3acf16412d5
3.0,2022-04-27 10:41:01.000 UTC,0x408ed6354d4973f66138c91495f2f2fcbd8724c3,1,0x2c9bdd583e515eb958cb60ffe663b3acf16412d5
,,0x408ed6354d4973f66138c91495f2f2fcbd8724c3,1,0x2cd2c78b0857f88140f890dad14eb64568d441b8
0.0,2024-12-24 23:25:11.000 UTC,0x408ed6354d4973f66138c91495f2f2fcbd8724c3,1,0x2ef530c5de6a4131afe9d3233ed5aab8d8a8e3c1
1.0035401399956367,2023-10-15 22:27:23.000 UTC,0x408ed6354d4973f66138c91495f2f2fcbd8724c3,1,0x2ef530c5de6a4131afe9d3233ed5aab8d8a8e3c1
1.0,2024-04-28 09:29:35.000 UTC,0x408ed6354d4973f66138c91495f2f2fcbd8724c3,9,0x2f0104aebef743c680376f31960eed969db9ab33
0.0,2024-04-27 11:12:11.000 UTC,0x408ed6354d4973f66138c91495f2f2fcbd8724c3,9,0x2f0104aebef743c680376f31960eed969db9ab33
5.327048864761378,2023-10-16 05:05:35.000 UTC,0x408ed6354d4973f66138c91495f2f2fcbd8724c3,9,0x2f0104aebef743c680376f31960eed969db9ab33
6.327048864761378,2022-10-15 11:32:59.000 UTC,0x408ed6354d4973f66138c91495f2f2fcbd8724c3,9,0x2f0104aebef743c680376f31960eed969db9ab33
4.5871,2022-10-12 07:08:47.000 UTC,0x408ed6354d4973f66138c91495f2f2fcbd8724c3,9,0x2f0104aebef743c680376f31960eed969db9ab33
0.2,2023-10-08 12:55:47.000 UTC,0x408ed6354d4973f66138c91495f2f2fcbd8724c3,2,0x30642d4778ee3d5ea91704c755507e432e323112
0.1,2022-02-26 11:35:43.000 UTC,0x408ed6354d4973f66138c91495f2f2fcbd8724c3,1,0x307a1479f4e8b268755526968b1de851074bc7f4
1.0,2022-07-16 02:13:48.000 UTC,0x408ed6354d4973f66138c91495f2f2fcbd8724c3,7,0x311ee9a97580bdad2e22a635e0f18291b62a344d
0.0,2024-04-13 07:58:35.000 UTC,0x408ed6354d4973f66138c91495f2f2fcbd8724c3,5,0x35cd428fc0aaa6fb272206bbf693c6fb39e08943
5.072134757486919,2023-02-27 06:06:47.000 UTC,0x408ed6354d4973f66138c91495f2f2fcbd8724c3,5,0x35cd428fc0aaa6fb272206bbf693c6fb39e08943
1.0,2022-09-27 05:16:59.000 UTC,0x408ed6354d4973f66138c91495f2f2fcbd8724c3,1,0x35d4e471c3eafe785aed6468c83d1797bc7404ff
1.1,2022-11-29 14:45:59.000 UTC,0x408ed6354d4973f66138c91495f2f2fcbd8724c3,1,0x36225a2adeb2cb02d2798cd79f9c767bb84f676a
0.0,2024-05-10 04:09:47.000 UTC,0x408ed6354d4973f66138c91495f2f2fcbd8724c3,1,0x394799aa278839f247b42fab10d9d8b92745f288
1.0,2022-11-30 19:59:11.000 UTC,0x408ed6354d4973f66138c91495f2f2fcbd8724c3,1,0x394799aa278839f247b42fab10d9d8b92745f288
0.0,2023-03-14 02:49:11.000 UTC,0x408ed6354d4973f66138c91495f2f2fcbd8724c3,1,0x3a1d29de6bf4afeb42dba018a3c8729fa2068c5f
1.02,2022-04-16 03:31:46.000 UTC,0x408ed6354d4973f66138c91495f2f2fcbd8724c3,1,0x3a1d29de6bf4afeb42dba018a3c8729fa2068c5f
0.0,2022-03-25 10:13:44.000 UTC,0x408ed6354d4973f66138c91495f2f2fcbd8724c3,1,0x3a1d29de6bf4afeb42dba018a3c8729fa2068c5f
9.7,2022-03-01 15:05:36.000 UTC,0x408ed6354d4973f66138c91495f2f2fcbd8724c3,1,0x3a1d29de6bf4afeb42dba018a3c8729fa2068c5f
1.0,2022-11-30 07:44:11.000 UTC,0x408ed6354d4973f66138c91495f2f2fcbd8724c3,1,0x3a9788d3e5b644b97a997dc5ac29736c388af9a3
1.0,2022-02-21 10:43:48.000 UTC,0x408ed6354d4973f66138c91495f2f2fcbd8724c3,1,0x3d0411fe3bb8569c49730c368ca39153de125dcb
1.0000008241191014,2022-12-23 06:51:23.000 UTC,0x408ed6354d4973f66138c91495f2f2fcbd8724c3,6,0x3d8983f01b2088f05497079cd0edda9760eeadb6
5.946980824119102,2022-12-23 06:46:11.000 UTC,0x408ed6354d4973f66138c91495f2f2fcbd8724c3,6,0x3d8983f01b2088f05497079cd0edda9760eeadb6
1.6590370049909462,2022-11-06 13:56:59.000 UTC,0x408ed6354d4973f66138c91495f2f2fcbd8724c3,6,0x3d8983f01b2088f05497079cd0edda9760eeadb6
10.659037004990946,2022-11-06 13:55:35.000 UTC,0x408ed6354d4973f66138c91495f2f2fcbd8724c3,6,0x3d8983f01b2088f05497079cd0edda9760eeadb6
9.653228712124326,2022-11-06 13:55:11.000 UTC,0x408ed6354d4973f66138c91495f2f2fcbd8724c3,6,0x3d8983f01b2088f05497079cd0edda9760eeadb6
8.665633825501986,2022-11-06 13:54:35.000 UTC,0x408ed6354d4973f66138c91495f2f2fcbd8724c3,6,0x3d8983f01b2088f05497079cd0edda9760eeadb6
7.681268141961839,2022-11-06 13:54:11.000 UTC,0x408ed6354d4973f66138c91495f2f2fcbd8724c3,6,0x3d8983f01b2088f05497079cd0edda9760eeadb6
6.676797787583062,2022-11-06 13:53:35.000 UTC,0x408ed6354d4973f66138c91495f2f2fcbd8724c3,6,0x3d8983f01b2088f05497079cd0edda9760eeadb6
5.676433561511977,2022-11-06 13:52:47.000 UTC,0x408ed6354d4973f66138c91495f2f2fcbd8724c3,6,0x3d8983f01b2088f05497079cd0edda9760eeadb6
4.674042408351829,2022-11-06 13:52:23.000 UTC,0x408ed6354d4973f66138c91495f2f2fcbd8724c3,6,0x3d8983f01b2088f05497079cd0edda9760eeadb6
3.6796299342605474,2022-11-06 13:51:35.000 UTC,0x408ed6354d4973f66138c91495f2f2fcbd8724c3,6,0x3d8983f01b2088f05497079cd0edda9760eeadb6
2.683555844426209,2022-11-06 13:48:47.000 UTC,0x408ed6354d4973f66138c91495f2f2fcbd8724c3,6,0x3d8983f01b2088f05497079cd0edda9760eeadb6
2.0,2022-02-19 09:16:38.000 UTC,0x408ed6354d4973f66138c91495f2f2fcbd8724c3,6,0x3d8983f01b2088f05497079cd0edda9760eeadb6
,,0x408ed6354d4973f66138c91495f2f2fcbd8724c3,1,0x3ff567219df448c70c128a6c7e91d63346b9ffdc
0.3475836294883879,2023-10-17 00:56:59.000 UTC,0x408ed6354d4973f66138c91495f2f2fcbd8724c3,1,0x4075003efe9730f672f885ea6267c4ed1294b9cb
1.0648357202154906,2022-12-02 12:57:47.000 UTC,0x408ed6354d4973f66138c91495f2f2fcbd8724c3,1,0x41713614a52e0a8b2c89f4a82ab711930cb92b6d
0.15,2023-10-23 05:25:35.000 UTC,0x408ed6354d4973f66138c91495f2f2fcbd8724c3,2,0x4304b68f359e8919feb86eacba03cdde2a964937
0.06165836803932169,2023-07-23 05:40:35.000 UTC,0x408ed6354d4973f66138c91495f2f2fcbd8724c3,3,0x43b0506f6b000327153b055c7e630f67be4096b7
1.1,2022-03-02 04:29:53.000 UTC,0x408ed6354d4973f66138c91495f2f2fcbd8724c3,10,0x43ef0bf345ebe8b5b1584dc016dcc029569768de
0.0,2024-05-26 01:10:35.000 UTC,0x408ed6354d4973f66138c91495f2f2fcbd8724c3,1,0x45b0614445f20477c6bf0c9012319eb0013ecd5e
2.0,2022-11-29 15:13:35.000 UTC,0x408ed6354d4973f66138c91495f2f2fcbd8724c3,1,0x45b0614445f20477c6bf0c9012319eb0013ecd5e
4.0,2022-11-29 15:06:11.000 UTC,0x408ed6354d4973f66138c91495f2f2fcbd8724c3,1,0x45b0614445f20477c6bf0c9012319eb0013ecd5e
5.0,2022-11-29 15:05:47.000 UTC,0x408ed6354d4973f66138c91495f2f2fcbd8724c3,1,0x45b0614445f20477c6bf0c9012319eb0013ecd5e
6.0,2022-11-29 15:05:11.000 UTC,0x408ed6354d4973f66138c91495f2f2fcbd8724c3,1,0x45b0614445f20477c6bf0c9012319eb0013ecd5e
7.0,2022-11-29 15:04:11.000 UTC,0x408ed6354d4973f66138c91495f2f2fcbd8724c3,1,0x45b0614445f20477c6bf0c9012319eb0013ecd5e
8.0,2022-11-29 15:02:47.000 UTC,0x408ed6354d4973f66138c91495f2f2fcbd8724c3,1,0x45b0614445f20477c6bf0c9012319eb0013ecd5e
9.0,2022-11-29 15:02:11.000 UTC,0x408ed6354d4973f66138c91495f2f2fcbd8724c3,1,0x45b0614445f20477c6bf0c9012319eb0013ecd5e
10.0,2022-11-29 15:01:11.000 UTC,0x408ed6354d4973f66138c91495f2f2fcbd8724c3,1,0x45b0614445f20477c6bf0c9012319eb0013ecd5e
11.0,2022-11-29 15:00:23.000 UTC,0x408ed6354d4973f66138c91495f2f2fcbd8724c3,1,0x45b0614445f20477c6bf0c9012319eb0013ecd5e
12.0,2022-11-29 14:59:23.000 UTC,0x408ed6354d4973f66138c91495f2f2fcbd8724c3,1,0x45b0614445f20477c6bf0c9012319eb0013ecd5e
13.0,2022-11-29 14:58:35.000 UTC,0x408ed6354d4973f66138c91495f2f2fcbd8724c3,1,0x45b0614445f20477c6bf0c9012319eb0013ecd5e
14.0,2022-11-29 14:57:47.000 UTC,0x408ed6354d4973f66138c91495f2f2fcbd8724c3,1,0x45b0614445f20477c6bf0c9012319eb0013ecd5e
14.0,2022-11-29 14:57:11.000 UTC,0x408ed6354d4973f66138c91495f2f2fcbd8724c3,1,0x45b0614445f20477c6bf0c9012319eb0013ecd5e
15.0,2022-11-29 14:55:59.000 UTC,0x408ed6354d4973f66138c91495f2f2fcbd8724c3,1,0x45b0614445f20477c6bf0c9012319eb0013ecd5e
16.0,2022-11-29 14:55:23.000 UTC,0x408ed6354d4973f66138c91495f2f2fcbd8724c3,1,0x45b0614445f20477c6bf0c9012319eb0013ecd5e
17.0,2022-11-29 14:54:11.000 UTC,0x408ed6354d4973f66138c91495f2f2fcbd8724c3,1,0x45b0614445f20477c6bf0c9012319eb0013ecd5e
18.0,2022-11-29 14:53:23.000 UTC,0x408ed6354d4973f66138c91495f2f2fcbd8724c3,1,0x45b0614445f20477c6bf0c9012319eb0013ecd5e
19.0,2022-11-29 14:52:47.000 UTC,0x408ed6354d4973f66138c91495f2f2fcbd8724c3,1,0x45b0614445f20477c6bf0c9012319eb0013ecd5e
20.0,2022-11-29 14:51:47.000 UTC,0x408ed6354d4973f66138c91495f2f2fcbd8724c3,1,0x45b0614445f20477c6bf0c9012319eb0013ecd5e
21.0,2022-11-29 14:50:59.000 UTC,0x408ed6354d4973f66138c91495f2f2fcbd8724c3,1,0x45b0614445f20477c6bf0c9012319eb0013ecd5e
22.0,2022-11-29 14:39:59.000 UTC,0x408ed6354d4973f66138c91495f2f2fcbd8724c3,1,0x45b0614445f20477c6bf0c9012319eb0013ecd5e
0.3877578491863285,2023-01-22 14:26:23.000 UTC,0x408ed6354d4973f66138c91495f2f2fcbd8724c3,1,0x46d1d8c021e6e743da3e1dd0a7c77302a28ea1e8
0.2588240222732675,2022-12-26 17:26:23.000 UTC,0x408ed6354d4973f66138c91495f2f2fcbd8724c3,1,0x46d1d8c021e6e743da3e1dd0a7c77302a28ea1e8
0.003355422557154808,2022-09-18 07:12:23.000 UTC,0x408ed6354d4973f66138c91495f2f2fcbd8724c3,1,0x46d1d8c021e6e743da3e1dd0a7c77302a28ea1e8
1.0,2022-07-16 16:03:49.000 UTC,0x408ed6354d4973f66138c91495f2f2fcbd8724c3,3,0x47ed0f37ed8567c6dfb88cfc656a63f11667fda8
,,0x408ed6354d4973f66138c91495f2f2fcbd8724c3,1,0x49ca8f1533eed0e59b17163077c528be02745adc
0.1980802923462067,2022-10-13 09:44:47.000 UTC,0x408ed6354d4973f66138c91495f2f2fcbd8724c3,2,0x4a1158353b1c279788eb18f16c5ddc7699ee7e46
0.0,2024-12-22 04:09:47.000 UTC,0x408ed6354d4973f66138c91495f2f2fcbd8724c3,1,0x4ad3dd2bd01014d908ac109e7ebaac0bae965690
5.89456069334346,2022-10-08 02:58:35.000 UTC,0x408ed6354d4973f66138c91495f2f2fcbd8724c3,1,0x4ad3dd2bd01014d908ac109e7ebaac0bae965690
0.0,2024-06-25 04:08:11.000 UTC,0x408ed6354d4973f66138c91495f2f2fcbd8724c3,2,0x4fbac479ea7d723d65e799d43c679715507adb75
1.0,2023-09-20 09:14:11.000 UTC,0x408ed6354d4973f66138c91495f2f2fcbd8724c3,2,0x4fbac479ea7d723d65e799d43c679715507adb75
,,0x408ed6354d4973f66138c91495f2f2fcbd8724c3,1,0x514df543a2069efe0ac7fb9f03a5fa1faed672ea
0.3,2021-06-17 11:53:30.000 UTC,0x408ed6354d4973f66138c91495f2f2fcbd8724c3,1,0x51eb2ddc9378720bddc55f03bfbe5bc01ba2cc36
,,0x408ed6354d4973f66138c91495f2f2fcbd8724c3,1,0x532c8ac483e605770b4df325efbfafe7ca825917
7.0,2022-10-23 14:33:23.000 UTC,0x408ed6354d4973f66138c91495f2f2fcbd8724c3,2,0x54bff63f4eb29a3ea0a105b80d1ed50e17e6ea1f
,,0x408ed6354d4973f66138c91495f2f2fcbd8724c3,1,0x5518aebc3c6d39599d2870526776b7526618dac9
,,0x408ed6354d4973f66138c91495f2f2fcbd8724c3,1,0x5991ead0543a2ed72f32cf07b0e02ec002e002cf
1.7937247244327101,2022-09-22 12:38:59.000 UTC,0x408ed6354d4973f66138c91495f2f2fcbd8724c3,3,0x5a72bfaf8dd5b251bd008fdc0b4656319ac0509b
0.0,2022-06-04 12:55:58.000 UTC,0x408ed6354d4973f66138c91495f2f2fcbd8724c3,3,0x5a72bfaf8dd5b251bd008fdc0b4656319ac0509b
3.0797273584761755,2021-05-28 10:46:52.000 UTC,0x408ed6354d4973f66138c91495f2f2fcbd8724c3,3,0x5a72bfaf8dd5b251bd008fdc0b4656319ac0509b
0.17972735847617535,2021-01-24 14:54:53.000 UTC,0x408ed6354d4973f66138c91495f2f2fcbd8724c3,3,0x5a72bfaf8dd5b251bd008fdc0b4656319ac0509b
,,0x408ed6354d4973f66138c91495f2f2fcbd8724c3,1,0x5b04dc92128a75699999b54a48982a01a2b40239
1.0,2022-11-30 08:35:11.000 UTC,0x408ed6354d4973f66138c91495f2f2fcbd8724c3,2,0x5c44951a456eb51abd27146964cec81723a41e5b
0.01708065883557326,2022-07-16 11:02:59.000 UTC,0x408ed6354d4973f66138c91495f2f2fcbd8724c3,1,0x5c4aa29a50cbee7a322b948def1dc271ac041a90
0.0,2025-02-09 13:27:47.000 UTC,0x408ed6354d4973f66138c91495f2f2fcbd8724c3,1,0x5d8c72c7268dbe6b47aedeec64496edd34ff9f99
2.2111685798901495,2022-11-30 11:23:23.000 UTC,0x408ed6354d4973f66138c91495f2f2fcbd8724c3,1,0x5d8c72c7268dbe6b47aedeec64496edd34ff9f99
0.1453,2023-09-28 07:17:23.000 UTC,0x408ed6354d4973f66138c91495f2f2fcbd8724c3,4,0x62163bb8db6c8484369c983476db4e1e51910402
,,0x408ed6354d4973f66138c91495f2f2fcbd8724c3,1,0x658f82699e421ec8f690bdb4cc9322c3b3cd7b91
0.1324000000000002,2023-09-24 04:53:11.000 UTC,0x408ed6354d4973f66138c91495f2f2fcbd8724c3,3,0x67de1a768085dd62cfbfaf19f914184972e67ed8
,,0x408ed6354d4973f66138c91495f2f2fcbd8724c3,2,0x67fc90f4cf0cc5e2669495002b76075979b4625f
0.0875,2022-11-29 06:46:59.000 UTC,0x408ed6354d4973f66138c91495f2f2fcbd8724c3,2,0x683d3093a8d3b37fba5e9172cc387235db52d538
1.3,2022-07-25 04:49:20.000 UTC,0x408ed6354d4973f66138c91495f2f2fcbd8724c3,1,0x69003232740c5cca52bfd1072d20d0faf957c353
,,0x408ed6354d4973f66138c91495f2f2fcbd8724c3,1,0x6c52576804e6f520de9224d2f9c018e32b56590b
1.1,2022-03-02 04:29:53.000 UTC,0x408ed6354d4973f66138c91495f2f2fcbd8724c3,10,0x6cbc844d82f4e7988d2d738c618ea2223ee17575
0.7144397143946924,2023-12-22 02:26:23.000 UTC,0x408ed6354d4973f66138c91495f2f2fcbd8724c3,3,0x6e431756d2be08ad2179268359fb3e3a1cba6f91
1.153051966462152,2024-05-23 01:52:47.000 UTC,0x408ed6354d4973f66138c91495f2f2fcbd8724c3,1,0x6e71e4beb7db744f5ef2b9c986405a8ae602d19e
0.0,2024-07-21 03:02:47.000 UTC,0x408ed6354d4973f66138c91495f2f2fcbd8724c3,2,0x6f8d3e80ca9212e54fa40d53a34ad766cce926fd
2.9758745074618753,2023-07-10 07:20:35.000 UTC,0x408ed6354d4973f66138c91495f2f2fcbd8724c3,2,0x6f8d3e80ca9212e54fa40d53a34ad766cce926fd
0.3272905073887198,2022-07-13 06:32:49.000 UTC,0x408ed6354d4973f66138c91495f2f2fcbd8724c3,1,0x7089e2169f336df2f86bbf6b10f0b79c40477efe
0.18121,2023-08-07 00:37:59.000 UTC,0x408ed6354d4973f66138c91495f2f2fcbd8724c3,1,0x73c3d5da18ada4d2ff16bc3ad45111d324ec6dfd
0.1,2023-10-18 04:35:59.000 UTC,0x408ed6354d4973f66138c91495f2f2fcbd8724c3,1,0x74cb5241f065557ea9c277480f1741d0227f891b
0.2,2022-10-31 06:57:11.000 UTC,0x408ed6354d4973f66138c91495f2f2fcbd8724c3,3,0x74e1032c75ba56a9eb3a5df291c464efdd64b4d5
41.4520736931798,2024-06-21 04:37:59.000 UTC,0x408ed6354d4973f66138c91495f2f2fcbd8724c3,7,0x75be7f29f8241f1bac65a6c5aa5ac4ba9365ba11
39.43462051310737,2024-06-21 04:35:23.000 UTC,0x408ed6354d4973f66138c91495f2f2fcbd8724c3,7,0x75be7f29f8241f1bac65a6c5aa5ac4ba9365ba11
38.21325872503589,2023-02-06 00:05:23.000 UTC,0x408ed6354d4973f66138c91495f2f2fcbd8724c3,7,0x75be7f29f8241f1bac65a6c5aa5ac4ba9365ba11
68.2132587250359,2023-01-22 05:33:11.000 UTC,0x408ed6354d4973f66138c91495f2f2fcbd8724c3,7,0x75be7f29f8241f1bac65a6c5aa5ac4ba9365ba11
55.0038773803502,2023-01-22 05:31:59.000 UTC,0x408ed6354d4973f66138c91495f2f2fcbd8724c3,7,0x75be7f29f8241f1bac65a6c5aa5ac4ba9365ba11
71.0038773803502,2022-12-20 09:41:35.000 UTC,0x408ed6354d4973f66138c91495f2f2fcbd8724c3,7,0x75be7f29f8241f1bac65a6c5aa5ac4ba9365ba11
91.5938773803502,2022-12-01 12:06:59.000 UTC,0x408ed6354d4973f66138c91495f2f2fcbd8724c3,7,0x75be7f29f8241f1bac65a6c5aa5ac4ba9365ba11
1.01,2022-10-29 09:04:47.000 UTC,0x408ed6354d4973f66138c91495f2f2fcbd8724c3,7,0x75be7f29f8241f1bac65a6c5aa5ac4ba9365ba11
1.1,2022-09-24 10:50:23.000 UTC,0x408ed6354d4973f66138c91495f2f2fcbd8724c3,7,0x75be7f29f8241f1bac65a6c5aa5ac4ba9365ba11
173.2815980466202,2022-09-24 10:46:59.000 UTC,0x408ed6354d4973f66138c91495f2f2fcbd8724c3,7,0x75be7f29f8241f1bac65a6c5aa5ac4ba9365ba11
0.44842900755345266,2022-09-20 15:51:59.000 UTC,0x408ed6354d4973f66138c91495f2f2fcbd8724c3,7,0x75be7f29f8241f1bac65a6c5aa5ac4ba9365ba11
0.19927664755345267,2022-09-17 06:36:47.000 UTC,0x408ed6354d4973f66138c91495f2f2fcbd8724c3,7,0x75be7f29f8241f1bac65a6c5aa5ac4ba9365ba11
0.0,2022-09-17 03:21:23.000 UTC,0x408ed6354d4973f66138c91495f2f2fcbd8724c3,7,0x75be7f29f8241f1bac65a6c5aa5ac4ba9365ba11
1.0087538871821635,2022-08-22 07:09:14.000 UTC,0x408ed6354d4973f66138c91495f2f2fcbd8724c3,7,0x75be7f29f8241f1bac65a6c5aa5ac4ba9365ba11
12.408753887182163,2022-08-22 06:59:52.000 UTC,0x408ed6354d4973f66138c91495f2f2fcbd8724c3,7,0x75be7f29f8241f1bac65a6c5aa5ac4ba9365ba11
1.2762458089883904,2022-08-14 11:44:31.000 UTC,0x408ed6354d4973f66138c91495f2f2fcbd8724c3,7,0x75be7f29f8241f1bac65a6c5aa5ac4ba9365ba11
11.776245808988389,2022-08-14 11:42:03.000 UTC,0x408ed6354d4973f66138c91495f2f2fcbd8724c3,7,0x75be7f29f8241f1bac65a6c5aa5ac4ba9365ba11
11.0,2022-03-16 05:56:52.000 UTC,0x408ed6354d4973f66138c91495f2f2fcbd8724c3,7,0x75be7f29f8241f1bac65a6c5aa5ac4ba9365ba11
13.0,2022-03-15 12:06:28.000 UTC,0x408ed6354d4973f66138c91495f2f2fcbd8724c3,7,0x75be7f29f8241f1bac65a6c5aa5ac4ba9365ba11
14.207,2022-02-17 08:58:03.000 UTC,0x408ed6354d4973f66138c91495f2f2fcbd8724c3,7,0x75be7f29f8241f1bac65a6c5aa5ac4ba9365ba11
116.007,2022-02-17 08:50:53.000 UTC,0x408ed6354d4973f66138c91495f2f2fcbd8724c3,7,0x75be7f29f8241f1bac65a6c5aa5ac4ba9365ba11
127.367,2022-02-17 08:08:06.000 UTC,0x408ed6354d4973f66138c91495f2f2fcbd8724c3,7,0x75be7f29f8241f1bac65a6c5aa5ac4ba9365ba11
0.0,2024-10-15 07:16:47.000 UTC,0x408ed6354d4973f66138c91495f2f2fcbd8724c3,2,0x79b11cfca15a093b57e8a22b2bb1acc54ed1411e
5.0,2022-08-16 12:35:50.000 UTC,0x408ed6354d4973f66138c91495f2f2fcbd8724c3,2,0x79b11cfca15a093b57e8a22b2bb1acc54ed1411e
0.0,2021-01-25 02:46:34.000 UTC,0x408ed6354d4973f66138c91495f2f2fcbd8724c3,2,0x79b11cfca15a093b57e8a22b2bb1acc54ed1411e
601.0268959819823,2021-01-01 07:56:31.000 UTC,0x408ed6354d4973f66138c91495f2f2fcbd8724c3,2,0x79b11cfca15a093b57e8a22b2bb1acc54ed1411e
579.0,2021-01-01 07:53:46.000 UTC,0x408ed6354d4973f66138c91495f2f2fcbd8724c3,2,0x79b11cfca15a093b57e8a22b2bb1acc54ed1411e
600.0,2020-12-14 07:04:09.000 UTC,0x408ed6354d4973f66138c91495f2f2fcbd8724c3,2,0x79b11cfca15a093b57e8a22b2bb1acc54ed1411e
1.000009,2022-02-20 01:27:09.000 UTC,0x408ed6354d4973f66138c91495f2f2fcbd8724c3,1,0x79fa9240ef6924e4742dededa24a9a45000d610f
,,0x408ed6354d4973f66138c91495f2f2fcbd8724c3,1,0x7b0628bf928eb4cbca5d3218104a8dd6131bafcf
0.7958068505757349,2022-12-25 15:29:59.000 UTC,0x408ed6354d4973f66138c91495f2f2fcbd8724c3,3,0x7b660cc94f275f3657df5afba9aa1e00f841b59c
0.35,2022-09-18 02:39:23.000 UTC,0x408ed6354d4973f66138c91495f2f2fcbd8724c3,3,0x7b660cc94f275f3657df5afba9aa1e00f841b59c
0.2549968073648683,2021-08-13 09:55:08.000 UTC,0x408ed6354d4973f66138c91495f2f2fcbd8724c3,5,0x7bc1cb8e6d6efea608c89e528594b00275ed4aea
0.0,2024-07-18 03:37:47.000 UTC,0x408ed6354d4973f66138c91495f2f2fcbd8724c3,1,0x7de4e30135cd64cf5252b52e69776420bfe5be83
1.0,2022-10-20 12:24:59.000 UTC,0x408ed6354d4973f66138c91495f2f2fcbd8724c3,1,0x7de4e30135cd64cf5252b52e69776420bfe5be83
0.0,2024-07-13 13:17:23.000 UTC,0x408ed6354d4973f66138c91495f2f2fcbd8724c3,9,0x7fb38b567d4c89523327a0353f54b26f5e4a92f4
0.557652501912863,2022-09-20 23:58:11.000 UTC,0x408ed6354d4973f66138c91495f2f2fcbd8724c3,9,0x7fb38b567d4c89523327a0353f54b26f5e4a92f4
1.5,2022-09-17 05:51:11.000 UTC,0x408ed6354d4973f66138c91495f2f2fcbd8724c3,1,0x83cf30e3bf9c2dc9a88997d06c0f7d877d0a4351
0.0,2022-12-21 08:03:59.000 UTC,0x408ed6354d4973f66138c91495f2f2fcbd8724c3,2,0x846ca3b73b2e0c956abc90f3cf456333fe1c9018
1.82778,2022-03-28 03:02:25.000 UTC,0x408ed6354d4973f66138c91495f2f2fcbd8724c3,2,0x846ca3b73b2e0c956abc90f3cf456333fe1c9018
0.094,2021-11-21 14:48:33.000 UTC,0x408ed6354d4973f66138c91495f2f2fcbd8724c3,2,0x846ca3b73b2e0c956abc90f3cf456333fe1c9018
0.5,2023-09-26 08:07:47.000 UTC,0x408ed6354d4973f66138c91495f2f2fcbd8724c3,6,0x867058d452d9234d0dfcf33429f7aca80b114f66
5.079376596599758,2022-11-30 09:35:35.000 UTC,0x408ed6354d4973f66138c91495f2f2fcbd8724c3,6,0x868ddbec57c208fa31d9c7928f38e2e3013f7949
0.008,2022-03-22 09:54:57.000 UTC,0x408ed6354d4973f66138c91495f2f2fcbd8724c3,1,0x86e2e0d2c378a96b0b7677ea567889bcab2a13df
0.18948484822850098,2023-10-16 10:21:11.000 UTC,0x408ed6354d4973f66138c91495f2f2fcbd8724c3,1,0x86e641ee8371ae4d499ba6cee9d855d5f401dec7
1.2,2022-05-02 14:48:26.000 UTC,0x408ed6354d4973f66138c91495f2f2fcbd8724c3,7,0x88522606d578f60e562fe07a9c500b626d47d89f
1.1085711686387008,2022-11-30 10:31:59.000 UTC,0x408ed6354d4973f66138c91495f2f2fcbd8724c3,3,0x88888868f030e70509b4b5765bf1c1e383ee0bff
0.0,2022-09-26 02:45:59.000 UTC,0x408ed6354d4973f66138c91495f2f2fcbd8724c3,3,0x88888868f030e70509b4b5765bf1c1e383ee0bff
183.51400795058166,2022-09-25 13:23:59.000 UTC,0x408ed6354d4973f66138c91495f2f2fcbd8724c3,3,0x88888868f030e70509b4b5765bf1c1e383ee0bff
0.0,2022-08-24 10:21:38.000 UTC,0x408ed6354d4973f66138c91495f2f2fcbd8724c3,3,0x88888868f030e70509b4b5765bf1c1e383ee0bff
0.90582922,2022-02-17 09:11:56.000 UTC,0x408ed6354d4973f66138c91495f2f2fcbd8724c3,3,0x88888868f030e70509b4b5765bf1c1e383ee0bff
,,0x408ed6354d4973f66138c91495f2f2fcbd8724c3,1,0x88b1bf840c618b741a1401e734792ed2697c45a0
1.1338825950681248,2022-11-02 13:13:47.000 UTC,0x408ed6354d4973f66138c91495f2f2fcbd8724c3,1,0x88f011bb7fe88a8f26193099cd62dae7d6e517f1
1.6338825950681248,2022-11-02 13:13:11.000 UTC,0x408ed6354d4973f66138c91495f2f2fcbd8724c3,1,0x88f011bb7fe88a8f26193099cd62dae7d6e517f1
2.133882595068125,2022-11-02 13:11:11.000 UTC,0x408ed6354d4973f66138c91495f2f2fcbd8724c3,1,0x88f011bb7fe88a8f26193099cd62dae7d6e517f1
1.8015687812915633,2022-11-02 13:09:47.000 UTC,0x408ed6354d4973f66138c91495f2f2fcbd8724c3,1,0x88f011bb7fe88a8f26193099cd62dae7d6e517f1
1.4987319551622467,2022-11-02 13:07:47.000 UTC,0x408ed6354d4973f66138c91495f2f2fcbd8724c3,1,0x88f011bb7fe88a8f26193099cd62dae7d6e517f1
1.180417975065003,2022-11-02 13:06:23.000 UTC,0x408ed6354d4973f66138c91495f2f2fcbd8724c3,1,0x88f011bb7fe88a8f26193099cd62dae7d6e517f1
1.1577977388947274,2022-11-02 13:04:47.000 UTC,0x408ed6354d4973f66138c91495f2f2fcbd8724c3,1,0x88f011bb7fe88a8f26193099cd62dae7d6e517f1
1.6577977388947274,2022-11-02 13:03:59.000 UTC,0x408ed6354d4973f66138c91495f2f2fcbd8724c3,1,0x88f011bb7fe88a8f26193099cd62dae7d6e517f1
1.4138742502328148,2022-11-02 13:03:11.000 UTC,0x408ed6354d4973f66138c91495f2f2fcbd8724c3,1,0x88f011bb7fe88a8f26193099cd62dae7d6e517f1
1.2814920154374578,2022-11-02 13:01:59.000 UTC,0x408ed6354d4973f66138c91495f2f2fcbd8724c3,1,0x88f011bb7fe88a8f26193099cd62dae7d6e517f1
1.0,2022-11-02 12:51:23.000 UTC,0x408ed6354d4973f66138c91495f2f2fcbd8724c3,1,0x88f011bb7fe88a8f26193099cd62dae7d6e517f1
2.0,2021-07-23 01:24:10.000 UTC,0x408ed6354d4973f66138c91495f2f2fcbd8724c3,1,0x88f011bb7fe88a8f26193099cd62dae7d6e517f1
0.0,2024-05-08 14:01:59.000 UTC,0x408ed6354d4973f66138c91495f2f2fcbd8724c3,4,0x8ac128b670b4fdda8fd4ff8cea5b2a1ba97ba246
5.6,2022-02-26 10:27:07.000 UTC,0x408ed6354d4973f66138c91495f2f2fcbd8724c3,4,0x8ac128b670b4fdda8fd4ff8cea5b2a1ba97ba246
52.6,2022-02-26 10:24:39.000 UTC,0x408ed6354d4973f66138c91495f2f2fcbd8724c3,4,0x8ac128b670b4fdda8fd4ff8cea5b2a1ba97ba246
0.0,2024-05-26 01:25:35.000 UTC,0x408ed6354d4973f66138c91495f2f2fcbd8724c3,3,0x8b63e4cdea1a4850dcf59c8039e65817ecd64b1c
0.28835007809280916,2022-12-24 06:41:23.000 UTC,0x408ed6354d4973f66138c91495f2f2fcbd8724c3,3,0x8b63e4cdea1a4850dcf59c8039e65817ecd64b1c
20.08835007809281,2022-12-24 06:38:35.000 UTC,0x408ed6354d4973f66138c91495f2f2fcbd8724c3,3,0x8b63e4cdea1a4850dcf59c8039e65817ecd64b1c
0.30999459853099914,2022-11-06 05:34:11.000 UTC,0x408ed6354d4973f66138c91495f2f2fcbd8724c3,3,0x8b63e4cdea1a4850dcf59c8039e65817ecd64b1c
18.309994598531,2022-11-06 05:33:11.000 UTC,0x408ed6354d4973f66138c91495f2f2fcbd8724c3,3,0x8b63e4cdea1a4850dcf59c8039e65817ecd64b1c
22.309994598531,2022-11-06 05:26:47.000 UTC,0x408ed6354d4973f66138c91495f2f2fcbd8724c3,3,0x8b63e4cdea1a4850dcf59c8039e65817ecd64b1c
0.31520610106372915,2022-11-02 12:57:23.000 UTC,0x408ed6354d4973f66138c91495f2f2fcbd8724c3,3,0x8b63e4cdea1a4850dcf59c8039e65817ecd64b1c
26.24520610106373,2022-11-02 12:56:35.000 UTC,0x408ed6354d4973f66138c91495f2f2fcbd8724c3,3,0x8b63e4cdea1a4850dcf59c8039e65817ecd64b1c
0.30794694849113713,2022-10-31 07:17:11.000 UTC,0x408ed6354d4973f66138c91495f2f2fcbd8724c3,3,0x8b63e4cdea1a4850dcf59c8039e65817ecd64b1c
0.40794694849113716,2022-10-31 06:51:59.000 UTC,0x408ed6354d4973f66138c91495f2f2fcbd8724c3,3,0x8b63e4cdea1a4850dcf59c8039e65817ecd64b1c
0.2042707268624872,2022-10-02 04:59:59.000 UTC,0x408ed6354d4973f66138c91495f2f2fcbd8724c3,3,0x8b63e4cdea1a4850dcf59c8039e65817ecd64b1c
1.0288,2022-07-17 11:22:12.000 UTC,0x408ed6354d4973f66138c91495f2f2fcbd8724c3,9,0x8c5668706aa3ed7542c4d1faaff06a837c796833
0.0,2022-12-19 21:32:59.000 UTC,0x408ed6354d4973f66138c91495f2f2fcbd8724c3,2,0x8da23c4171a72fea20864ced791be3d175f9c2a0
5.0,2022-05-03 21:53:07.000 UTC,0x408ed6354d4973f66138c91495f2f2fcbd8724c3,2,0x8da23c4171a72fea20864ced791be3d175f9c2a0
0.0,2021-05-06 07:20:11.000 UTC,0x408ed6354d4973f66138c91495f2f2fcbd8724c3,2,0x8da23c4171a72fea20864ced791be3d175f9c2a0
124.2198923300494,2021-05-06 07:15:14.000 UTC,0x408ed6354d4973f66138c91495f2f2fcbd8724c3,2,0x8da23c4171a72fea20864ced791be3d175f9c2a0
0.0,2021-05-04 08:37:35.000 UTC,0x408ed6354d4973f66138c91495f2f2fcbd8724c3,2,0x8da23c4171a72fea20864ced791be3d175f9c2a0
123.0,2021-05-04 08:33:24.000 UTC,0x408ed6354d4973f66138c91495f2f2fcbd8724c3,2,0x8da23c4171a72fea20864ced791be3d175f9c2a0
1.06,2022-07-16 05:48:47.000 UTC,0x408ed6354d4973f66138c91495f2f2fcbd8724c3,1,0x90690754c29aa43193b979e4c11a76acdf51f50c
0.10000000000000024,2024-02-05 04:56:47.000 UTC,0x408ed6354d4973f66138c91495f2f2fcbd8724c3,3,0x90bb3c11c67d1ff112353cd9cdc5d8881224f356
7.374144894803216,2022-09-20 03:46:23.000 UTC,0x408ed6354d4973f66138c91495f2f2fcbd8724c3,3,0x91e3d63b94738868b1f481f4e9989e00cac76d69
2.4194594613684557,2022-09-17 10:44:23.000 UTC,0x408ed6354d4973f66138c91495f2f2fcbd8724c3,3,0x91e3d63b94738868b1f481f4e9989e00cac76d69
2.478995610869784,2023-01-21 02:11:35.000 UTC,0x408ed6354d4973f66138c91495f2f2fcbd8724c3,3,0x92cbe89b5cb1c22c2c16bc465caf34e3c80b617d
2.3373622435870725,2023-01-20 15:58:11.000 UTC,0x408ed6354d4973f66138c91495f2f2fcbd8724c3,3,0x92cbe89b5cb1c22c2c16bc465caf34e3c80b617d
2.1876593148132035,2023-01-19 13:08:47.000 UTC,0x408ed6354d4973f66138c91495f2f2fcbd8724c3,3,0x92cbe89b5cb1c22c2c16bc465caf34e3c80b617d
0.9357706800293516,2022-12-21 01:53:11.000 UTC,0x408ed6354d4973f66138c91495f2f2fcbd8724c3,3,0x92cbe89b5cb1c22c2c16bc465caf34e3c80b617d
,,0x408ed6354d4973f66138c91495f2f2fcbd8724c3,1,0x932d4d1c915c18173953a5037191ec7ad842ac93
0.05147399009506,2022-10-31 23:17:35.000 UTC,0x408ed6354d4973f66138c91495f2f2fcbd8724c3,1,0x9340494e3e86694fa8e387f6a12fdfc993dce58f
19.95147399009506,2022-10-31 23:15:23.000 UTC,0x408ed6354d4973f66138c91495f2f2fcbd8724c3,1,0x9340494e3e86694fa8e387f6a12fdfc993dce58f
1.0,2021-03-04 06:02:38.000 UTC,0x408ed6354d4973f66138c91495f2f2fcbd8724c3,1,0x9340494e3e86694fa8e387f6a12fdfc993dce58f
1.0,2022-10-01 01:37:47.000 UTC,0x408ed6354d4973f66138c91495f2f2fcbd8724c3,1,0x934565dad843e82bea2177cf6a3ae7c4c99396d1
0.1790000000000002,2023-10-17 08:30:59.000 UTC,0x408ed6354d4973f66138c91495f2f2fcbd8724c3,2,0x9361b6079c7d9f21b2e1a443e8af64bcfda71958
0.02247907752625588,2022-07-23 06:57:26.000 UTC,0x408ed6354d4973f66138c91495f2f2fcbd8724c3,1,0x943587b2f3b0b96d86114bdd0fb0d6eb6a63f057
0.623867,2023-01-09 13:42:59.000 UTC,0x408ed6354d4973f66138c91495f2f2fcbd8724c3,1,0x94d9a2e92bed46332697cfdd1b19c118c9f78102
,,0x408ed6354d4973f66138c91495f2f2fcbd8724c3,1,0x95ec12ddfb0f992422d19e15d8523a7f9d884b03
1.15,2021-07-19 08:41:01.000 UTC,0x408ed6354d4973f66138c91495f2f2fcbd8724c3,1,0x95f47684ce79e7a78775a32e9d269ad67cb2b167
0.0,2024-08-25 10:53:23.000 UTC,0x408ed6354d4973f66138c91495f2f2fcbd8724c3,1,0x96ee49d020655ae66d5c678a238e48c44e5f65dd
0.5,2022-11-29 12:57:47.000 UTC,0x408ed6354d4973f66138c91495f2f2fcbd8724c3,1,0x96ee49d020655ae66d5c678a238e48c44e5f65dd
0.22083288615515576,2022-11-29 15:33:59.000 UTC,0x408ed6354d4973f66138c91495f2f2fcbd8724c3,1,0x985033a935273af7bc9bf117ef03e4aa034ae461
0.0,2024-08-26 07:38:35.000 UTC,0x408ed6354d4973f66138c91495f2f2fcbd8724c3,1,0x9a582bc73e2a3dafc546045eee6c11a2b5922b8b
1.0,2022-05-06 04:47:13.000 UTC,0x408ed6354d4973f66138c91495f2f2fcbd8724c3,1,0x9a582bc73e2a3dafc546045eee6c11a2b5922b8b
0.1312,2023-07-31 02:30:11.000 UTC,0x408ed6354d4973f66138c91495f2f2fcbd8724c3,1,0x9dba4c617ec0e444d07f3a46e3c759fe2c816e4a
1.6313970947825271,2023-06-20 06:18:59.000 UTC,0x408ed6354d4973f66138c91495f2f2fcbd8724c3,7,0x9f1b015eaabe557c0b9ee41f4593f2f98ad0f333
0.01,2022-05-08 15:49:05.000 UTC,0x408ed6354d4973f66138c91495f2f2fcbd8724c3,2,0xa07a9a27213905cb276b8494e1c87e80cc614d7f
0.43469018744420085,2023-03-26 01:26:23.000 UTC,0x408ed6354d4973f66138c91495f2f2fcbd8724c3,1,0xa0a8c902cfd529e523f26549959679e79f53de2f
0.12396260698664963,2023-10-08 04:29:59.000 UTC,0x408ed6354d4973f66138c91495f2f2fcbd8724c3,3,0xa1a058a4b7f9a4980541ec70e8af94f334540de0
1.1,2022-11-30 05:50:11.000 UTC,0x408ed6354d4973f66138c91495f2f2fcbd8724c3,2,0xa2fbcefa58d2fa7a96838eef4e8b76c4a6afe73c
0.0,2024-06-17 15:04:35.000 UTC,0x408ed6354d4973f66138c91495f2f2fcbd8724c3,1,0xa70065fa7876654b18a45c06f8232b9489ef4dfe
36800.0,2024-06-17 15:03:23.000 UTC,0x408ed6354d4973f66138c91495f2f2fcbd8724c3,1,0xa70065fa7876654b18a45c06f8232b9489ef4dfe
36821.09061644,2024-06-15 07:32:59.000 UTC,0x408ed6354d4973f66138c91495f2f2fcbd8724c3,1,0xa70065fa7876654b18a45c06f8232b9489ef4dfe
21.85061644,2024-06-15 07:25:23.000 UTC,0x408ed6354d4973f66138c91495f2f2fcbd8724c3,1,0xa70065fa7876654b18a45c06f8232b9489ef4dfe
0.0,2024-06-12 14:33:47.000 UTC,0x408ed6354d4973f66138c91495f2f2fcbd8724c3,1,0xa70065fa7876654b18a45c06f8232b9489ef4dfe
30000.0,2024-06-12 14:11:47.000 UTC,0x408ed6354d4973f66138c91495f2f2fcbd8724c3,1,0xa70065fa7876654b18a45c06f8232b9489ef4dfe
39865.8525484451,2024-06-12 14:06:11.000 UTC,0x408ed6354d4973f66138c91495f2f2fcbd8724c3,1,0xa70065fa7876654b18a45c06f8232b9489ef4dfe
39875.8525484451,2024-03-26 01:48:11.000 UTC,0x408ed6354d4973f66138c91495f2f2fcbd8724c3,1,0xa70065fa7876654b18a45c06f8232b9489ef4dfe
43478.37966301983,2024-03-24 07:00:23.000 UTC,0x408ed6354d4973f66138c91495f2f2fcbd8724c3,1,0xa70065fa7876654b18a45c06f8232b9489ef4dfe
46478.37966301983,2024-03-21 05:20:59.000 UTC,0x408ed6354d4973f66138c91495f2f2fcbd8724c3,1,0xa70065fa7876654b18a45c06f8232b9489ef4dfe
479.441843379823,2024-03-21 05:16:11.000 UTC,0x408ed6354d4973f66138c91495f2f2fcbd8724c3,1,0xa70065fa7876654b18a45c06f8232b9489ef4dfe
343.69863337982304,2024-03-03 22:46:47.000 UTC,0x408ed6354d4973f66138c91495f2f2fcbd8724c3,1,0xa70065fa7876654b18a45c06f8232b9489ef4dfe
19943.698633379823,2024-03-03 22:44:11.000 UTC,0x408ed6354d4973f66138c91495f2f2fcbd8724c3,1,0xa70065fa7876654b18a45c06f8232b9489ef4dfe
19949.698633379823,2024-03-02 17:45:47.000 UTC,0x408ed6354d4973f66138c91495f2f2fcbd8724c3,1,0xa70065fa7876654b18a45c06f8232b9489ef4dfe
0.0,2024-12-30 06:00:59.000 UTC,0x408ed6354d4973f66138c91495f2f2fcbd8724c3,1,0xaa3ef1d6e952d6bfc9d2be8d43e896b1656e3fa6
0.5000000000000001,2023-10-17 00:48:35.000 UTC,0x408ed6354d4973f66138c91495f2f2fcbd8724c3,1,0xaa3ef1d6e952d6bfc9d2be8d43e896b1656e3fa6
0.0,2024-04-15 22:48:23.000 UTC,0x408ed6354d4973f66138c91495f2f2fcbd8724c3,1,0xabc67a49d7d75bd04fa1dae22cd4b8c4f796540a
11.443027544272294,2024-04-07 12:10:11.000 UTC,0x408ed6354d4973f66138c91495f2f2fcbd8724c3,1,0xabc67a49d7d75bd04fa1dae22cd4b8c4f796540a
9.690872965838796,2024-04-07 12:08:59.000 UTC,0x408ed6354d4973f66138c91495f2f2fcbd8724c3,1,0xabc67a49d7d75bd04fa1dae22cd4b8c4f796540a
8.244101869156141,2024-04-07 12:02:23.000 UTC,0x408ed6354d4973f66138c91495f2f2fcbd8724c3,1,0xabc67a49d7d75bd04fa1dae22cd4b8c4f796540a
7.244101869156141,2024-04-07 11:59:47.000 UTC,0x408ed6354d4973f66138c91495f2f2fcbd8724c3,1,0xabc67a49d7d75bd04fa1dae22cd4b8c4f796540a
5.944101869156141,2024-04-07 11:57:35.000 UTC,0x408ed6354d4973f66138c91495f2f2fcbd8724c3,1,0xabc67a49d7d75bd04fa1dae22cd4b8c4f796540a
4.702693073102339,2024-04-07 11:55:47.000 UTC,0x408ed6354d4973f66138c91495f2f2fcbd8724c3,1,0xabc67a49d7d75bd04fa1dae22cd4b8c4f796540a
3.294597768793955,2024-04-07 11:52:23.000 UTC,0x408ed6354d4973f66138c91495f2f2fcbd8724c3,1,0xabc67a49d7d75bd04fa1dae22cd4b8c4f796540a
1.8796242730327404,2023-04-27 08:49:35.000 UTC,0x408ed6354d4973f66138c91495f2f2fcbd8724c3,1,0xabc67a49d7d75bd04fa1dae22cd4b8c4f796540a
5.67962427303274,2023-04-27 08:39:47.000 UTC,0x408ed6354d4973f66138c91495f2f2fcbd8724c3,1,0xabc67a49d7d75bd04fa1dae22cd4b8c4f796540a
1.9021572730327403,2022-09-28 04:59:23.000 UTC,0x408ed6354d4973f66138c91495f2f2fcbd8724c3,1,0xabc67a49d7d75bd04fa1dae22cd4b8c4f796540a
203.87786591889855,2022-09-28 04:57:11.000 UTC,0x408ed6354d4973f66138c91495f2f2fcbd8724c3,1,0xabc67a49d7d75bd04fa1dae22cd4b8c4f796540a
1.4521607445942641,2022-04-26 09:38:12.000 UTC,0x408ed6354d4973f66138c91495f2f2fcbd8724c3,1,0xabc67a49d7d75bd04fa1dae22cd4b8c4f796540a
6.452160744594264,2022-04-26 09:16:54.000 UTC,0x408ed6354d4973f66138c91495f2f2fcbd8724c3,1,0xabc67a49d7d75bd04fa1dae22cd4b8c4f796540a
1.3882877182254532,2021-05-08 05:02:25.000 UTC,0x408ed6354d4973f66138c91495f2f2fcbd8724c3,1,0xabc67a49d7d75bd04fa1dae22cd4b8c4f796540a
3.888287718225453,2021-05-01 11:10:36.000 UTC,0x408ed6354d4973f66138c91495f2f2fcbd8724c3,1,0xabc67a49d7d75bd04fa1dae22cd4b8c4f796540a
0.3699752514042155,2021-02-14 01:03:36.000 UTC,0x408ed6354d4973f66138c91495f2f2fcbd8724c3,1,0xabc67a49d7d75bd04fa1dae22cd4b8c4f796540a
1221.3699752514044,2021-02-10 01:54:59.000 UTC,0x408ed6354d4973f66138c91495f2f2fcbd8724c3,1,0xabc67a49d7d75bd04fa1dae22cd4b8c4f796540a
254.2202242329123,2021-02-10 01:52:10.000 UTC,0x408ed6354d4973f66138c91495f2f2fcbd8724c3,1,0xabc67a49d7d75bd04fa1dae22cd4b8c4f796540a
2.7225942329122956,2021-02-06 11:11:18.000 UTC,0x408ed6354d4973f66138c91495f2f2fcbd8724c3,1,0xabc67a49d7d75bd04fa1dae22cd4b8c4f796540a
1002.7225942329123,2021-01-13 04:44:21.000 UTC,0x408ed6354d4973f66138c91495f2f2fcbd8724c3,1,0xabc67a49d7d75bd04fa1dae22cd4b8c4f796540a
500.7927942329123,2021-01-12 22:14:15.000 UTC,0x408ed6354d4973f66138c91495f2f2fcbd8724c3,1,0xabc67a49d7d75bd04fa1dae22cd4b8c4f796540a
2.7927942329122954,2020-12-26 01:27:36.000 UTC,0x408ed6354d4973f66138c91495f2f2fcbd8724c3,1,0xabc67a49d7d75bd04fa1dae22cd4b8c4f796540a
1.0,2020-09-19 21:52:22.000 UTC,0x408ed6354d4973f66138c91495f2f2fcbd8724c3,1,0xabc67a49d7d75bd04fa1dae22cd4b8c4f796540a
0.0,2020-09-17 03:43:07.000 UTC,0x408ed6354d4973f66138c91495f2f2fcbd8724c3,1,0xabc67a49d7d75bd04fa1dae22cd4b8c4f796540a
400.0,2020-09-17 03:03:00.000 UTC,0x408ed6354d4973f66138c91495f2f2fcbd8724c3,1,0xabc67a49d7d75bd04fa1dae22cd4b8c4f796540a
0.0,2024-10-19 23:08:11.000 UTC,0x408ed6354d4973f66138c91495f2f2fcbd8724c3,1,0xabd30b3333eb50135887a094b58c63c61908285d
0.19543104087234808,2023-07-14 23:54:47.000 UTC,0x408ed6354d4973f66138c91495f2f2fcbd8724c3,1,0xabd30b3333eb50135887a094b58c63c61908285d
0.11311193076671923,2023-09-17 00:51:59.000 UTC,0x408ed6354d4973f66138c91495f2f2fcbd8724c3,2,0xac39d08b79acf5e33824309d5b0b28814e4f18be
0.3474910770012277,2022-08-27 09:32:47.000 UTC,0x408ed6354d4973f66138c91495f2f2fcbd8724c3,2,0xac6c89999e9ccf92f89d17c272985eb3cc81c25c
1.17,2022-03-02 14:22:19.000 UTC,0x408ed6354d4973f66138c91495f2f2fcbd8724c3,2,0xae11318dab238627a382b75e7ab6a45cefd59fc2
0.2,2022-08-21 06:43:18.000 UTC,0x408ed6354d4973f66138c91495f2f2fcbd8724c3,1,0xb1e3dd92cbb5f1a547de8fb01b615ec3c4a3d360
0.008204516153293468,2021-06-13 12:05:19.000 UTC,0x408ed6354d4973f66138c91495f2f2fcbd8724c3,1,0xb38c7e2b4ba3cdc4eaea863cbb01470353c5ea16
2.6582045161532935,2021-03-23 21:48:44.000 UTC,0x408ed6354d4973f66138c91495f2f2fcbd8724c3,1,0xb38c7e2b4ba3cdc4eaea863cbb01470353c5ea16
14.658204516153292,2021-02-10 21:20:06.000 UTC,0x408ed6354d4973f66138c91495f2f2fcbd8724c3,1,0xb38c7e2b4ba3cdc4eaea863cbb01470353c5ea16
13.82758,2020-10-08 01:03:22.000 UTC,0x408ed6354d4973f66138c91495f2f2fcbd8724c3,1,0xb38c7e2b4ba3cdc4eaea863cbb01470353c5ea16
0.0,2024-06-24 07:35:23.000 UTC,0x408ed6354d4973f66138c91495f2f2fcbd8724c3,1,0xb6868399d12acffb5677229fc3ed1e9ace1fb615
1.1,2023-03-02 05:24:59.000 UTC,0x408ed6354d4973f66138c91495f2f2fcbd8724c3,1,0xb6868399d12acffb5677229fc3ed1e9ace1fb615
0.0,2025-02-20 10:02:47.000 UTC,0x408ed6354d4973f66138c91495f2f2fcbd8724c3,1,0xb69b5492a16d199f45e032812cf8be86e625b2f4
24.102829295240163,2024-06-19 08:20:59.000 UTC,0x408ed6354d4973f66138c91495f2f2fcbd8724c3,1,0xb69b5492a16d199f45e032812cf8be86e625b2f4
20.226594992240162,2022-10-20 08:52:59.000 UTC,0x408ed6354d4973f66138c91495f2f2fcbd8724c3,1,0xb69b5492a16d199f45e032812cf8be86e625b2f4
1.0,2022-04-29 05:23:34.000 UTC,0x408ed6354d4973f66138c91495f2f2fcbd8724c3,3,0xb6a3ff6de2d924d64be379f0ef2c2f3e289b7309
37.0,2022-04-29 05:21:34.000 UTC,0x408ed6354d4973f66138c91495f2f2fcbd8724c3,3,0xb6a3ff6de2d924d64be379f0ef2c2f3e289b7309
0.3220421297594526,2023-05-28 02:54:59.000 UTC,0x408ed6354d4973f66138c91495f2f2fcbd8724c3,1,0xb7c9364b50940ea3d26d9331ff826fd98f7458d1
1.0,2022-04-28 09:59:19.000 UTC,0x408ed6354d4973f66138c91495f2f2fcbd8724c3,1,0xb7fb446670cdbb3261139a24da2c0c6f532e363c
0.11,2022-09-22 09:24:35.000 UTC,0x408ed6354d4973f66138c91495f2f2fcbd8724c3,3,0xb8ab435512f1683ee744c128ea0cee738b4a9031
1.3522988787166375,2024-05-19 01:23:59.000 UTC,0x408ed6354d4973f66138c91495f2f2fcbd8724c3,1,0xb9543f4e299e393d5b334fd1e4b50052bc056997
1.3386775358656013,2023-11-18 08:48:59.000 UTC,0x408ed6354d4973f66138c91495f2f2fcbd8724c3,1,0xbd962be2dfd4023d5c482a8049630a2c7e53de0b
,,0x408ed6354d4973f66138c91495f2f2fcbd8724c3,1,0xbe2b1f6a29d66f85c3c849d1c5a06827b475eec7
0.0,2025-02-20 10:20:11.000 UTC,0x408ed6354d4973f66138c91495f2f2fcbd8724c3,1,0xbf6433ce5adb8687a4e9c4944b38552dbbc61896
25.41835033213469,2024-06-19 08:20:59.000 UTC,0x408ed6354d4973f66138c91495f2f2fcbd8724c3,1,0xbf6433ce5adb8687a4e9c4944b38552dbbc61896
21.524797605134687,2022-10-21 00:59:59.000 UTC,0x408ed6354d4973f66138c91495f2f2fcbd8724c3,1,0xbf6433ce5adb8687a4e9c4944b38552dbbc61896
10.090713604895964,2022-11-29 11:44:11.000 UTC,0x408ed6354d4973f66138c91495f2f2fcbd8724c3,1,0xbffef26e0a317c4fa11aa5d8d49649b3b66920e3
,,0x408ed6354d4973f66138c91495f2f2fcbd8724c3,1,0xc0e2fe0ca178f8c1a17617844434f0ae89be1fc7
,,0x408ed6354d4973f66138c91495f2f2fcbd8724c3,1,0xc1ad04147675e85753541d5d63e522775b8e5cda
1.0,2022-09-17 02:22:59.000 UTC,0x408ed6354d4973f66138c91495f2f2fcbd8724c3,1,0xc206fab01d7d551babec2aa0fe78549b9991858b
,,0x408ed6354d4973f66138c91495f2f2fcbd8724c3,1,0xc22d55fa0d5d94ce5a142e0b56be76b2e9752672
2952.8151955948606,2024-02-23 16:01:11.000 UTC,0x408ed6354d4973f66138c91495f2f2fcbd8724c3,1,0xc29fc038cd055842d466281f609c319bde595017
432.64038868486034,2022-06-21 18:15:17.000 UTC,0x408ed6354d4973f66138c91495f2f2fcbd8724c3,1,0xc29fc038cd055842d466281f609c319bde595017
22.64038868486038,2022-01-20 10:16:04.000 UTC,0x408ed6354d4973f66138c91495f2f2fcbd8724c3,1,0xc29fc038cd055842d466281f609c319bde595017
0.0,2024-12-29 12:52:47.000 UTC,0x408ed6354d4973f66138c91495f2f2fcbd8724c3,1,0xc3ef7494b40f6c72d5dd9985de1ddf24842b1c73
1.0038992481670161,2023-10-15 22:26:23.000 UTC,0x408ed6354d4973f66138c91495f2f2fcbd8724c3,1,0xc3ef7494b40f6c72d5dd9985de1ddf24842b1c73
0.999999,2022-02-19 08:43:44.000 UTC,0x408ed6354d4973f66138c91495f2f2fcbd8724c3,1,0xc4cc2db3622770f694382f8ce0c678daacdbece3
1.7921936644412395,2023-08-13 01:03:35.000 UTC,0x408ed6354d4973f66138c91495f2f2fcbd8724c3,1,0xc543b2ce6605b6a1895a60a5c2b67d9d7e9f5892
1.0232351737892935,2023-12-25 04:19:11.000 UTC,0x408ed6354d4973f66138c91495f2f2fcbd8724c3,3,0xc5dff384fcfd94b841f743b4aa236fc07e7af832
,,0x408ed6354d4973f66138c91495f2f2fcbd8724c3,1,0xc6faf8c7ae6947333386fb32aa386388739132c0
0.0,2024-12-03 16:26:35.000 UTC,0x408ed6354d4973f66138c91495f2f2fcbd8724c3,7,0xc7358fed9e94fdbee4bd0a19a233f6a86f5bece7
10.07,2024-08-09 23:57:59.000 UTC,0x408ed6354d4973f66138c91495f2f2fcbd8724c3,7,0xc7358fed9e94fdbee4bd0a19a233f6a86f5bece7
9.07,2024-08-09 23:56:47.000 UTC,0x408ed6354d4973f66138c91495f2f2fcbd8724c3,7,0xc7358fed9e94fdbee4bd0a19a233f6a86f5bece7
8.07,2024-08-09 23:56:35.000 UTC,0x408ed6354d4973f66138c91495f2f2fcbd8724c3,7,0xc7358fed9e94fdbee4bd0a19a233f6a86f5bece7
7.07,2024-08-09 23:55:47.000 UTC,0x408ed6354d4973f66138c91495f2f2fcbd8724c3,7,0xc7358fed9e94fdbee4bd0a19a233f6a86f5bece7
6.07,2024-08-09 23:55:35.000 UTC,0x408ed6354d4973f66138c91495f2f2fcbd8724c3,7,0xc7358fed9e94fdbee4bd0a19a233f6a86f5bece7
5.07,2024-08-09 23:55:23.000 UTC,0x408ed6354d4973f66138c91495f2f2fcbd8724c3,7,0xc7358fed9e94fdbee4bd0a19a233f6a86f5bece7
4.07,2024-08-09 23:54:59.000 UTC,0x408ed6354d4973f66138c91495f2f2fcbd8724c3,7,0xc7358fed9e94fdbee4bd0a19a233f6a86f5bece7
3.07,2024-08-09 23:54:35.000 UTC,0x408ed6354d4973f66138c91495f2f2fcbd8724c3,7,0xc7358fed9e94fdbee4bd0a19a233f6a86f5bece7
2.07,2024-08-09 23:54:23.000 UTC,0x408ed6354d4973f66138c91495f2f2fcbd8724c3,7,0xc7358fed9e94fdbee4bd0a19a233f6a86f5bece7
1.07,2022-11-29 23:39:11.000 UTC,0x408ed6354d4973f66138c91495f2f2fcbd8724c3,7,0xc7358fed9e94fdbee4bd0a19a233f6a86f5bece7
2.07,2022-11-29 23:38:59.000 UTC,0x408ed6354d4973f66138c91495f2f2fcbd8724c3,7,0xc7358fed9e94fdbee4bd0a19a233f6a86f5bece7
3.07,2022-11-29 23:38:35.000 UTC,0x408ed6354d4973f66138c91495f2f2fcbd8724c3,7,0xc7358fed9e94fdbee4bd0a19a233f6a86f5bece7
4.07,2022-11-29 23:37:59.000 UTC,0x408ed6354d4973f66138c91495f2f2fcbd8724c3,7,0xc7358fed9e94fdbee4bd0a19a233f6a86f5bece7
5.07,2022-11-29 23:37:47.000 UTC,0x408ed6354d4973f66138c91495f2f2fcbd8724c3,7,0xc7358fed9e94fdbee4bd0a19a233f6a86f5bece7
6.07,2022-11-29 23:37:23.000 UTC,0x408ed6354d4973f66138c91495f2f2fcbd8724c3,7,0xc7358fed9e94fdbee4bd0a19a233f6a86f5bece7
7.07,2022-11-29 23:36:59.000 UTC,0x408ed6354d4973f66138c91495f2f2fcbd8724c3,7,0xc7358fed9e94fdbee4bd0a19a233f6a86f5bece7
8.07,2022-11-29 23:36:35.000 UTC,0x408ed6354d4973f66138c91495f2f2fcbd8724c3,7,0xc7358fed9e94fdbee4bd0a19a233f6a86f5bece7
9.07,2022-11-29 23:36:11.000 UTC,0x408ed6354d4973f66138c91495f2f2fcbd8724c3,7,0xc7358fed9e94fdbee4bd0a19a233f6a86f5bece7
10.07,2022-11-29 23:07:35.000 UTC,0x408ed6354d4973f66138c91495f2f2fcbd8724c3,7,0xc7358fed9e94fdbee4bd0a19a233f6a86f5bece7
0.3245298290949038,2022-12-25 15:46:23.000 UTC,0x408ed6354d4973f66138c91495f2f2fcbd8724c3,1,0xc76714605e68b3984a0d83f4e5309ca77b38fec1
21.324529829094903,2022-12-25 15:44:47.000 UTC,0x408ed6354d4973f66138c91495f2f2fcbd8724c3,1,0xc76714605e68b3984a0d83f4e5309ca77b38fec1
0.3458857392399278,2022-11-30 02:56:47.000 UTC,0x408ed6354d4973f66138c91495f2f2fcbd8724c3,1,0xc76714605e68b3984a0d83f4e5309ca77b38fec1
,,0x408ed6354d4973f66138c91495f2f2fcbd8724c3,1,0xc7e89d4bf9ba1e962ecc5c68990be2485b24cc1b
5.07,2022-02-25 12:42:35.000 UTC,0x408ed6354d4973f66138c91495f2f2fcbd8724c3,3,0xc8186fce17f079b9b67df8f5b269bd96bc14ea0d
1.03,2023-07-23 08:45:23.000 UTC,0x408ed6354d4973f66138c91495f2f2fcbd8724c3,2,0xc958c7d63b8fc7375559d9134681dd9efd68abf4
,,0x408ed6354d4973f66138c91495f2f2fcbd8724c3,3,0xca93e1912ab9bd7858334b22eb6f4b152c27d77f
0.25,2022-08-14 11:35:43.000 UTC,0x408ed6354d4973f66138c91495f2f2fcbd8724c3,3,0xcabcf257af287b1f6ce2d28ba8a8031ee84edc3e
1.5887061389803194,2023-02-27 07:15:59.000 UTC,0x408ed6354d4973f66138c91495f2f2fcbd8724c3,1,0xcca6f0a4d87d6baf8224844b71e97fec57b42c5c
0.11,2022-09-20 07:50:11.000 UTC,0x408ed6354d4973f66138c91495f2f2fcbd8724c3,2,0xce5acc90cdb98ce528dfa833ee52a2bf07713f2b
0.7229987101975744,2022-09-17 07:05:35.000 UTC,0x408ed6354d4973f66138c91495f2f2fcbd8724c3,1,0xce8a80b2e7de00286b1f15dcaf45e04792ccac4b
0.16766555174581566,2023-04-15 08:15:35.000 UTC,0x408ed6354d4973f66138c91495f2f2fcbd8724c3,1,0xd0e4d55acd2bb84762282815b3e7c4421e6f09a7
2.225538044987251,2023-10-06 12:48:23.000 UTC,0x408ed6354d4973f66138c91495f2f2fcbd8724c3,1,0xd422e20d5997a9cc0551b96ce5efaac8296adadf
1.051219578878149,2023-12-25 04:23:59.000 UTC,0x408ed6354d4973f66138c91495f2f2fcbd8724c3,3,0xd57e2c8746ca3aea42441049d07a68c707e4618c
0.12300000000000029,2023-09-25 06:39:47.000 UTC,0x408ed6354d4973f66138c91495f2f2fcbd8724c3,4,0xd88999fb8628be8a2f0834eb797cbcac41aadee1
,,0x408ed6354d4973f66138c91495f2f2fcbd8724c3,1,0xd8e2019d5e9174d908fef0cd89264c9e96113000
1.5,2022-05-28 07:07:04.000 UTC,0x408ed6354d4973f66138c91495f2f2fcbd8724c3,1,0xd8ea42f2d1e1b673bec0fc77b67e72d4f53cad26
0.21966783892200703,2022-11-29 14:21:11.000 UTC,0x408ed6354d4973f66138c91495f2f2fcbd8724c3,1,0xd8f939dcbacf6f9f4703d927680ab54f82cf2902
2.62,2021-04-08 06:13:45.000 UTC,0x408ed6354d4973f66138c91495f2f2fcbd8724c3,3,0xd934c7a324e7cae6b2a191d8b749b12deb017d88
6.013281095912932,2022-12-25 03:29:59.000 UTC,0x408ed6354d4973f66138c91495f2f2fcbd8724c3,2,0xdcbe5b955652916ee4f5675e9a7c7b3808fd237f
2.083776322580949,2022-09-19 11:08:11.000 UTC,0x408ed6354d4973f66138c91495f2f2fcbd8724c3,2,0xdcbe5b955652916ee4f5675e9a7c7b3808fd237f
9.083776322580949,2022-09-19 11:06:23.000 UTC,0x408ed6354d4973f66138c91495f2f2fcbd8724c3,2,0xdcbe5b955652916ee4f5675e9a7c7b3808fd237f
2.0,2022-11-29 08:10:47.000 UTC,0x408ed6354d4973f66138c91495f2f2fcbd8724c3,1,0xddcf4a6e0902dcadf054155d5701018ece88a1e1
,,0x408ed6354d4973f66138c91495f2f2fcbd8724c3,1,0xdf28349da00829c1018593a307762a45637a232e
0.0,2024-07-27 19:12:23.000 UTC,0x408ed6354d4973f66138c91495f2f2fcbd8724c3,1,0xe1555c6ee61366a3f90135dc704acd25c3247aca
2.319464,2024-01-28 09:52:23.000 UTC,0x408ed6354d4973f66138c91495f2f2fcbd8724c3,1,0xe1555c6ee61366a3f90135dc704acd25c3247aca
0.0,2024-08-11 12:05:47.000 UTC,0x408ed6354d4973f66138c91495f2f2fcbd8724c3,4,0xe9d5159ccebb83048b11bf3beb3a29afd87edffd
1.02,2021-07-03 11:05:11.000 UTC,0x408ed6354d4973f66138c91495f2f2fcbd8724c3,4,0xe9d5159ccebb83048b11bf3beb3a29afd87edffd
1.32,2022-07-30 08:54:30.000 UTC,0x408ed6354d4973f66138c91495f2f2fcbd8724c3,1,0xea465f39d09fc6ff51a310e8328aad9ef08ff414
0.0,2022-04-16 15:32:22.000 UTC,0x408ed6354d4973f66138c91495f2f2fcbd8724c3,1,0xea840cedfe91409d4543fd217dc291dfd004044b
1.5,2022-02-20 09:19:53.000 UTC,0x408ed6354d4973f66138c91495f2f2fcbd8724c3,1,0xea840cedfe91409d4543fd217dc291dfd004044b
,,0x408ed6354d4973f66138c91495f2f2fcbd8724c3,1,0xeb4d8ee709d0be7cfe3fae823d731bd55fd47379
,,0x408ed6354d4973f66138c91495f2f2fcbd8724c3,1,0xeb4de40c83ab9b7e8b4204bc1beae617031d37eb
,,0x408ed6354d4973f66138c91495f2f2fcbd8724c3,1,0xeb4f1fc9996add12ee749a78c5207be6c489d5ea
9.0810711580079e-05,2020-11-15 03:12:26.000 UTC,0x408ed6354d4973f66138c91495f2f2fcbd8724c3,1,0xeb85a4ffa6a194bcde4befd2eecabd4f65c3f8c4
261.1370908107116,2020-10-29 03:30:34.000 UTC,0x408ed6354d4973f66138c91495f2f2fcbd8724c3,1,0xeb85a4ffa6a194bcde4befd2eecabd4f65c3f8c4
1e-18,2020-10-20 23:28:18.000 UTC,0x408ed6354d4973f66138c91495f2f2fcbd8724c3,1,0xeb85a4ffa6a194bcde4befd2eecabd4f65c3f8c4
267.8990486912007,2020-10-20 23:27:18.000 UTC,0x408ed6354d4973f66138c91495f2f2fcbd8724c3,1,0xeb85a4ffa6a194bcde4befd2eecabd4f65c3f8c4
0.0,2020-09-22 07:47:08.000 UTC,0x408ed6354d4973f66138c91495f2f2fcbd8724c3,1,0xeb85a4ffa6a194bcde4befd2eecabd4f65c3f8c4
99.21,2020-09-22 06:30:45.000 UTC,0x408ed6354d4973f66138c91495f2f2fcbd8724c3,1,0xeb85a4ffa6a194bcde4befd2eecabd4f65c3f8c4
0.0,2020-09-17 01:44:14.000 UTC,0x408ed6354d4973f66138c91495f2f2fcbd8724c3,1,0xeb85a4ffa6a194bcde4befd2eecabd4f65c3f8c4
400.473357,2020-09-17 01:38:14.000 UTC,0x408ed6354d4973f66138c91495f2f2fcbd8724c3,1,0xeb85a4ffa6a194bcde4befd2eecabd4f65c3f8c4
0.0,2025-02-24 11:05:35.000 UTC,0x408ed6354d4973f66138c91495f2f2fcbd8724c3,4,0xec7e8d7f1a01da7ef9323134ef4bdcdb7390d762
4.6295731316342765,2022-12-24 05:57:47.000 UTC,0x408ed6354d4973f66138c91495f2f2fcbd8724c3,4,0xec7e8d7f1a01da7ef9323134ef4bdcdb7390d762
4.40382962471676,2022-11-29 10:09:59.000 UTC,0x408ed6354d4973f66138c91495f2f2fcbd8724c3,4,0xec7e8d7f1a01da7ef9323134ef4bdcdb7390d762
0.8710078960092666,2025-02-11 03:09:23.000 UTC,0x408ed6354d4973f66138c91495f2f2fcbd8724c3,3,0xecb68965ac6fa6ad364833cc37c51787c20143f1
2.0710078960092666,2024-01-29 07:42:23.000 UTC,0x408ed6354d4973f66138c91495f2f2fcbd8724c3,3,0xecb68965ac6fa6ad364833cc37c51787c20143f1
0.3,2022-11-05 01:46:59.000 UTC,0x408ed6354d4973f66138c91495f2f2fcbd8724c3,3,0xf0422a73c0c9f6219fb02da06fbccadf01e2433b
0.1,2022-11-01 04:03:35.000 UTC,0x408ed6354d4973f66138c91495f2f2fcbd8724c3,3,0xf0422a73c0c9f6219fb02da06fbccadf01e2433b
,,0x408ed6354d4973f66138c91495f2f2fcbd8724c3,1,0xf095117ab12054617736f881fb08e5cf44c9e58b
,,0x408ed6354d4973f66138c91495f2f2fcbd8724c3,1,0xf09d5a5377f152b51f7ba8eb92fbac21e515ca8c
0.2500000000000003,2023-11-26 03:30:35.000 UTC,0x408ed6354d4973f66138c91495f2f2fcbd8724c3,2,0xf0bada92e714bc9547105fb6d51d097bc712426a
0.1,2022-03-09 14:57:23.000 UTC,0x408ed6354d4973f66138c91495f2f2fcbd8724c3,6,0xf3d105ee745389c5851a77dc7f02bb98f792b532
0.11,2022-07-14 08:49:33.000 UTC,0x408ed6354d4973f66138c91495f2f2fcbd8724c3,2,0xf413fb9fd584996dbbb61b91cbbf4d950c715203
0.0,2024-06-17 04:28:47.000 UTC,0x408ed6354d4973f66138c91495f2f2fcbd8724c3,3,0xf41faa2c6e16257c653ac2103602eb1e00bc3567
1.0,2022-05-07 10:35:25.000 UTC,0x408ed6354d4973f66138c91495f2f2fcbd8724c3,3,0xf41faa2c6e16257c653ac2103602eb1e00bc3567
0.1606614240997449,2022-08-29 08:13:00.000 UTC,0x408ed6354d4973f66138c91495f2f2fcbd8724c3,1,0xf59922e034abec3142f748a92b1a7826d1845a07
0.0,2024-05-26 03:36:23.000 UTC,0x408ed6354d4973f66138c91495f2f2fcbd8724c3,1,0xf5a93ea694473ecfab221c1f02bd7ef370fd580f
5.0,2022-11-29 12:58:23.000 UTC,0x408ed6354d4973f66138c91495f2f2fcbd8724c3,1,0xf5a93ea694473ecfab221c1f02bd7ef370fd580f
,,0x408ed6354d4973f66138c91495f2f2fcbd8724c3,1,0xf68be2378a4b18fb8093d1eb55f34dc447c4c30a
1.3176470759762793,2024-05-18 02:09:59.000 UTC,0x408ed6354d4973f66138c91495f2f2fcbd8724c3,1,0xf7e4c131b2ba943168634bddcfb21c39283bf60c
1.0000000000000002,2023-10-04 04:15:47.000 UTC,0x408ed6354d4973f66138c91495f2f2fcbd8724c3,4,0xfa918e6ee8fdbbb5783c042917dba5b9d4dc8f81
,,0x408ed6354d4973f66138c91495f2f2fcbd8724c3,1,0xfcc9aacc13990e2e3f0a003083706d10af6ebdc4
0.0,2024-04-28 04:03:11.000 UTC,0x408ed6354d4973f66138c91495f2f2fcbd8724c3,1,0xfdd48801504e2798c9264c1b2fe4232b96a15082
1.5,2022-05-22 09:39:47.000 UTC,0x408ed6354d4973f66138c91495f2f2fcbd8724c3,1,0xfdd48801504e2798c9264c1b2fe4232b96a15082
0.1,2023-04-28 02:18:11.000 UTC,0x408ed6354d4973f66138c91495f2f2fcbd8724c3,1,0xfe00f6fd9c464444443748712be686c58cdd71c8
1.3300000000000003,2023-10-28 23:44:47.000 UTC,0x408ed6354d4973f66138c91495f2f2fcbd8724c3,4,0xfe576289e53f561e5ca84b1a5d544ae6a9816f9d
